state_name,state_code,name,code
Abia,NG-AB,Aba North,NG-AB-ABN
Abia,NG-AB,Aba South,NG-AB-ABS
Abia,NG-AB,Arochukwu,NG-AB-ARO
Abia,NG-AB,Bende,NG-AB-BEN
Abia,NG-AB,Ikwuano,NG-AB-IKW
Abia,NG-AB,Isiala Ngwa North,NG-AB-ISN
Abia,NG-AB,Isiala Ngwa South,NG-AB-ISS
Abia,NG-AB,Isuikwuato,NG-AB-ISU
Abia,NG-AB,Obi Ngwa,NG-AB-OBN
Abia,NG-AB,Ohafia,NG-AB-OHA
Abia,NG-AB,Osisioma Ngwa,NG-AB-OSN
Abia,NG-AB,Ugwunagbo,NG-AB-UGW
Abia,NG-AB,Ukwa East,NG-AB-UKE
Abia,NG-AB,Ukwa West,NG-AB-UKW
Abia,NG-AB,Umuahia North,NG-AB-UMN
Abia,NG-AB,Umuahia South,NG-AB-UMS
Abia,NG-AB,Umu Nneochi,NG-AB-UNN
Adamawa,NG-AD,Demsa,NG-AD-DEM
Adamawa,NG-AD,Fufure,NG-AD-FUF
Adamawa,NG-AD,Ganye,NG-AD-GAN
Adamawa,NG-AD,Guyuk,NG-AD-GUY
Adamawa,NG-AD,Girei,NG-AD-GIR
Adamawa,NG-AD,Gombi,NG-AD-GOM
Adamawa,NG-AD,Hong,NG-AD-HON
Adamawa,NG-AD,Jada,NG-AD-JAD
Adamawa,NG-AD,Lamurde,NG-AD-LAM
Adamawa,NG-AD,Madagali,NG-AD-MAD
Adamawa,NG-AD,Maiha,NG-AD-MAI
Adamawa,NG-AD,Mayo Belwa,NG-AD-MAB
Adamawa,NG-AD,Michika,NG-AD-MIC
Adamawa,NG-AD,Mubi North,NG-AD-MUN
Adamawa,NG-AD,Mubi South,NG-AD-MUS
Adamawa,NG-AD,Numan,NG-AD-NUM
Adamawa,NG-AD,Shelleng,NG-AD-SHE
Adamawa,NG-AD,Song,NG-AD-SON
Adamawa,NG-AD,Toungo,NG-AD-TOU
Adamawa,NG-AD,Yola North,NG-AD-YON
Adamawa,NG-AD,Yola South,NG-AD-YOS
Akwa Ibom,NG-AK,Abak,NG-AK-ABA
Akwa Ibom,NG-AK,Eastern Obolo,NG-AK-EAO
Akwa Ibom,NG-AK,Eket,NG-AK-EKE
Akwa Ibom,NG-AK,Esit Eket,NG-AK-ESE
Akwa Ibom,NG-AK,Essien Udim,NG-AK-ESU
Akwa Ibom,NG-AK,Etim Ekpo,NG-AK-ETE
Akwa Ibom,NG-AK,Etinan Uyo,NG-AK-ETU
Akwa Ibom,NG-AK,Ibeno,NG-AK-IBE
Akwa Ibom,NG-AK,Ibesikpo Asutan,NG-AK-IBA
Akwa Ibom,NG-AK,Ibiono-Ibom,NG-AK-IBI
Akwa Ibom,NG-AK,Ika,NG-AK-IKA
Akwa Ibom,NG-AK,Ikono,NG-AK-IKO
Akwa Ibom,NG-AK,Ikot Abasi (village),NG-AK-IAB
Akwa Ibom,NG-AK,Ikot Ekpene,NG-AK-IKE
Akwa Ibom,NG-AK,Ini,NG-AK-INI
Akwa Ibom,NG-AK,Itu,NG-AK-ITU
Akwa Ibom,NG-AK,Mbo,NG-AK-MBO
Akwa Ibom,NG-AK,Mkpat-Eni,NG-AK-MKP
Akwa Ibom,NG-AK,Nsit-Atai,NG-AK-NSA
Akwa Ibom,NG-AK,Nsit-Ibom,NG-AK-NSI
Akwa Ibom,NG-AK,Nsit-Ubium,NG-AK-NSU
Akwa Ibom,NG-AK,Obot Akara,NG-AK-OBA
Akwa Ibom,NG-AK,Okobo,NG-AK-OKO
Akwa Ibom,NG-AK,Onna,NG-AK-ONN
Akwa Ibom,NG-AK,Oron,NG-AK-ORO
Akwa Ibom,NG-AK,Oruk Anam,NG-AK-ORA
Akwa Ibom,NG-AK,Udung-Uko,NG-AK-UDU
Akwa Ibom,NG-AK,Ukanafun,NG-AK-UKA
Akwa Ibom,NG-AK,Uruan,NG-AK-URU
Akwa Ibom,NG-AK,Urue-Offong/Oruko,NG-AK-URO
Akwa Ibom,NG-AK,Uyo,NG-AK-UYO
Anambra,NG-AN,Aguata,NG-AN-AGU
Anambra,NG-AN,Anambra East,NG-AN-ANE
Anambra,NG-AN,Anambra West,NG-AN-ANW
Anambra,NG-AN,Anaocha,NG-AN-ANA
Anambra,NG-AN,Awka North,NG-AN-AWN
Anambra,NG-AN,Awka South,NG-AN-AWS
Anambra,NG-AN,Ayamelum,NG-AN-AYA
Anambra,NG-AN,Dunukofia,NG-AN-DUN
Anambra,NG-AN,Ekwusigo,NG-AN-EKW
Anambra,NG-AN,Idemili North,NG-AN-IDN
Anambra,NG-AN,Idemili South,NG-AN-IDS
Anambra,NG-AN,Ihiala,NG-AN-IHI
Anambra,NG-AN,Njikoka,NG-AN-NJI
Anambra,NG-AN,Nnewi North,NG-AN-NNN
Anambra,NG-AN,Nnewi South,NG-AN-NNS
Anambra,NG-AN,Ogbaru,NG-AN-OGB
Anambra,NG-AN,Onitsha North,NG-AN-ONN
Anambra,NG-AN,Onitsha South,NG-AN-ONS
Anambra,NG-AN,Orumba North,NG-AN-ORN
Anambra,NG-AN,Orumba South,NG-AN-ORS
Anambra,NG-AN,Oyi,NG-AN-OYI
Bauchi,NG-BC,Alkaleri,NG-BA-ALK
Bauchi,NG-BC,Bauchi,NG-BA-BAU
Bauchi,NG-BC,Bogoro,NG-BA-BOG
Bauchi,NG-BC,Damban,NG-BA-DAM
Bauchi,NG-BC,Darazo,NG-BA-DAR
Bauchi,NG-BC,Dass,NG-BA-DAS
Bauchi,NG-BC,Gamawa,NG-BA-GAM
Bauchi,NG-BC,Ganjuwa,NG-BA-GAN
Bauchi,NG-BC,Giade,NG-BA-GIA
Bauchi,NG-BC,Itas/Gadau,NG-BA-ITA
Bauchi,NG-BC,Jama'are,NG-BA-JAM
Bauchi,NG-BC,Katagum,NG-BA-KAT
Bauchi,NG-BC,Kirfi,NG-BA-KIR
Bauchi,NG-BC,Misau,NG-BA-MIS
Bauchi,NG-BC,Ningi,NG-BA-NIN
Bauchi,NG-BC,Shira,NG-BA-SHI
Bauchi,NG-BC,Tafawa Balewa,NG-BA-TAB
Bauchi,NG-BC,Toro,NG-BA-TOR
Bauchi,NG-BC,Warji,NG-BA-WAR
Bauchi,NG-BC,Zaki,NG-BA-ZAK
Bayelsa,NG-BA,Brass,NG-BA-BRA
Bayelsa,NG-BA,Ekeremor,NG-BA-EKE
Bayelsa,NG-BA,Kolokuma/Opokuma,NG-BA-KOL
Bayelsa,NG-BA,Nembe,NG-BA-NEM
Bayelsa,NG-BA,Ogbia,NG-BA-OGB
Bayelsa,NG-BA,Sagbama,NG-BA-SAG
Bayelsa,NG-BA,Southern Ijaw,NG-BA-SOI
Bayelsa,NG-BA,Yenagoa,NG-BA-YEN
Benue,NG-BE,Ado,NG-BE-ADO
Benue,NG-BE,Agatu,NG-BE-AGA
Benue,NG-BE,Apa,NG-BE-APA
Benue,NG-BE,Buruku,NG-BE-BUR
Benue,NG-BE,Gboko,NG-BE-GBO
Benue,NG-BE,Guma,NG-BE-GUM
Benue,NG-BE,Gwer East,NG-BE-GWE
Benue,NG-BE,Gwer West,NG-BE-GWW
Benue,NG-BE,Katsina-Ala,NG-BE-KAT
Benue,NG-BE,Konshisha,NG-BE-KON
Benue,NG-BE,Kwande,NG-BE-KWA
Benue,NG-BE,Logo,NG-BE-LOG
Benue,NG-BE,Makurdi,NG-BE-MAK
Benue,NG-BE,Obi,NG-BE-OBI
Benue,NG-BE,Ogbadibo,NG-BE-OGB
Benue,NG-BE,Ohimini,NG-BE-OHI
Benue,NG-BE,Oju,NG-BE-OJU
Benue,NG-BE,Okpokwu,NG-BE-OKP
Benue,NG-BE,Oturkpo,NG-BE-OTU
Benue,NG-BE,Tarka,NG-BE-TAR
Benue,NG-BE,Ukum,NG-BE-UKU
Benue,NG-BE,Ushongo,NG-BE-USH
Benue,NG-BE,Vandeikya,NG-BE-VAN
Borno,NG-BO,Abadam,NG-BO-ABA
Borno,NG-BO,Askira/Uba,NG-BO-ASK
Borno,NG-BO,Bama,NG-BO-BAM
Borno,NG-BO,Bayo,NG-BO-BAY
Borno,NG-BO,Biu,NG-BO-BIU
Borno,NG-BO,Chibok,NG-BO-CHI
Borno,NG-BO,Damboa,NG-BO-DAM
Borno,NG-BO,Dikwa,NG-BO-DIK
Borno,NG-BO,Gubio,NG-BO-GUB
Borno,NG-BO,Guzamala,NG-BO-GUZ
Borno,NG-BO,Gwoza,NG-BO-GWO
Borno,NG-BO,Hawul,NG-BO-HAW
Borno,NG-BO,Jere,NG-BO-JER
Borno,NG-BO,Kaga,NG-BO-KAG
Borno,NG-BO,Kala/Balge,NG-BO-KAL
Borno,NG-BO,Konduga,NG-BO-KON
Borno,NG-BO,Kukawa,NG-BO-KUK
Borno,NG-BO,Kwaya Kusar,NG-BO-KWK
Borno,NG-BO,Mafa,NG-BO-MAF
Borno,NG-BO,Magumeri,NG-BO-MAG
Borno,NG-BO,Maiduguri,NG-BO-MAI
Borno,NG-BO,Marte,NG-BO-MAR
Borno,NG-BO,Mobbar,NG-BO-MOB
Borno,NG-BO,Monguno,NG-BO-MON
Borno,NG-BO,Ngala,NG-BO-NGA
Borno,NG-BO,Nganzai,NG-BO-NGZ
Borno,NG-BO,Shani,NG-BO-SHA
Cross River,NG-CR,Abi,NG-CR-ABI
Cross River,NG-CR,Akamkpa,NG-CR-AKA
Cross River,NG-CR,Akpabuyo,NG-CR-AKP
Cross River,NG-CR,Bakassi,NG-CR-BAK
Cross River,NG-CR,Bekwarra,NG-CR-BEK
Cross River,NG-CR,Biase,NG-CR-BIA
Cross River,NG-CR,Boki,NG-CR-BOK
Cross River,NG-CR,Calabar Municipal,NG-CR-CAM
Cross River,NG-CR,Calabar South,NG-CR-CAS
Cross River,NG-CR,Etung,NG-CR-ETU
Cross River,NG-CR,Ikom,NG-CR-IKO
Cross River,NG-CR,Obanliku,NG-CR-OBA
Cross River,NG-CR,Obubra,NG-CR-OBB
Cross River,NG-CR,Obudu,NG-CR-OBU
Cross River,NG-CR,Odukpani,NG-CR-ODU
Cross River,NG-CR,Ogoja,NG-CR-OGO
Cross River,NG-CR,Yakurr,NG-CR-YAK
Cross River,NG-CR,Yala,NG-CR-YAL
Delta,NG-DE,Aniocha North,NG-DE-ANN
Delta,NG-DE,Aniocha South,NG-DE-ANS
Delta,NG-DE,Bomadi,NG-DE-BOM
Delta,NG-DE,Burutu,NG-DE-BUR
Delta,NG-DE,Ethiope East,NG-DE-ETE
Delta,NG-DE,Ethiope West,NG-DE-ETW
Delta,NG-DE,Ika North East,NG-DE-IKN
Delta,NG-DE,Ika South,NG-DE-IKS
Delta,NG-DE,Isoko North,NG-DE-ISN
Delta,NG-DE,Isoko South,NG-DE-ISS
Delta,NG-DE,Ndokwa East,NG-DE-NDE
Delta,NG-DE,Ndokwa West,NG-DE-NDW
Delta,NG-DE,Okpe,NG-DE-OKP
Delta,NG-DE,Oshimili North,NG-DE-OSN
Delta,NG-DE,Oshimili South,NG-DE-OSS
Delta,NG-DE,Patani,NG-DE-PAT
Delta,NG-DE,Sapele,NG-DE-SAP
Delta,NG-DE,Udu,NG-DE-UDU
Delta,NG-DE,Ughelli North,NG-DE-UGN
Delta,NG-DE,Ughelli South,NG-DE-UGS
Delta,NG-DE,Ukwuani,NG-DE-UKW
Delta,NG-DE,Uvwie,NG-DE-UVW
Delta,NG-DE,Warri North,NG-DE-WAN
Delta,NG-DE,Warri South,NG-DE-WAS
Delta,NG-DE,Warri South West,NG-DE-WSW
Ebonyi,NG-EB,Abakaliki,NG-EB-ABA
Ebonyi,NG-EB,Afikpo,NG-EB-AFI
Ebonyi,NG-EB,Edda,NG-EB-EDD
Ebonyi,NG-EB,Ebonyi,NG-EB-EBO
Ebonyi,NG-EB,Ezza North,NG-EB-EZN
Ebonyi,NG-EB,Ezza South,NG-EB-EZS
Ebonyi,NG-EB,Ikwo,NG-EB-IKW
Ebonyi,NG-EB,Ishielu,NG-EB-ISH
Ebonyi,NG-EB,Ivo,NG-EB-IVO
Ebonyi,NG-EB,Izzi,NG-EB-IZZ
Ebonyi,NG-EB,Ohaozara,NG-EB-OHA
Ebonyi,NG-EB,Ohaukwu,NG-EB-OHK
Ebonyi,NG-EB,Onicha,NG-EB-ONI
Edo,NG-ED,Akoko-Edo,NG-ED-AKO
Edo,NG-ED,Egor,NG-ED-EGO
Edo,NG-ED,Esan Central,NG-ED-ESC
Edo,NG-ED,Esan North-East,NG-ED-ESN
Edo,NG-ED,Esan South-East,NG-ED-ESS
Edo,NG-ED,Esan West,NG-ED-ESW
Edo,NG-ED,Etsako Central,NG-ED-ETC
Edo,NG-ED,Etsako East,NG-ED-ETE
Edo,NG-ED,Etsako West,NG-ED-ETW
Edo,NG-ED,Igueben,NG-ED-IGU
Edo,NG-ED,Ikpoba Okha,NG-ED-IKO
Edo,NG-ED,Orhionmwon,NG-ED-ORH
Edo,NG-ED,Oredo,NG-ED-ORE
Edo,NG-ED,Ovia North-East,NG-ED-OVN
Edo,NG-ED,Ovia South-West,NG-ED-OVS
Edo,NG-ED,Owan East,NG-ED-OWE
Edo,NG-ED,Owan West,NG-ED-OWW
Edo,NG-ED,Uhunmwonde,NG-ED-UHU
Ekiti,NG-EK,Ado Ekiti,NG-ED-ADE
Ekiti,NG-EK,Efon,NG-ED-EFO
Ekiti,NG-EK,Ekiti East,NG-ED-EKE
Ekiti,NG-EK,Ekiti South-West,NG-ED-EKS
Ekiti,NG-EK,Ekiti West,NG-ED-EKW
Ekiti,NG-EK,Emure,NG-ED-EMU
Ekiti,NG-EK,Gbonyin,NG-ED-GBO
Ekiti,NG-EK,Ido Osi,NG-ED-IDO
Ekiti,NG-EK,Ijero,NG-ED-IJE
Ekiti,NG-EK,Ikere,NG-ED-IKE
Ekiti,NG-EK,Ikole,NG-ED-IKL
Ekiti,NG-EK,Ilejemeje,NG-ED-ILE
Ekiti,NG-EK,Irepodun/Ifelodun,NG-ED-IRE
Ekiti,NG-EK,Ise/Orun,NG-ED-ISE
Ekiti,NG-EK,Moba,NG-ED-MOB
Ekiti,NG-EK,Oye,NG-ED-OYE
Enugu,NG-EN,Aninri,NG-EN-ANI
Enugu,NG-EN,Awgu,NG-EN-AWG
Enugu,NG-EN,Enugu East,NG-EN-ENE
Enugu,NG-EN,Enugu North,NG-EN-ENN
Enugu,NG-EN,Enugu South,NG-EN-ENS
Enugu,NG-EN,Ezeagu,NG-EN-EZE
Enugu,NG-EN,Igbo Etiti,NG-EN-IGE
Enugu,NG-EN,Igbo Eze North,NG-EN-IEN
Enugu,NG-EN,Igbo Eze South,NG-EN-IES
Enugu,NG-EN,Isi Uzo,NG-EN-ISU
Enugu,NG-EN,Nkanu East,NG-EN-NKE
Enugu,NG-EN,Nkanu West,NG-EN-NKW
Enugu,NG-EN,Nsukka,NG-EN-NSU
Enugu,NG-EN,Oji River,NG-EN-OJR
Enugu,NG-EN,Udenu,NG-EN-UDE
Enugu,NG-EN,Udi,NG-EN-UDI
Enugu,NG-EN,Uzo-Uwani,NG-EN-UZO
Gombe,NG-GO,Akko,NG-GO-AKK
Gombe,NG-GO,Balanga,NG-GO-BAL
Gombe,NG-GO,Billiri,NG-GO-BIL
Gombe,NG-GO,Dukku,NG-GO-DUK
Gombe,NG-GO,Funakaye,NG-GO-FUN
Gombe,NG-GO,Gombe,NG-GO-GOM
Gombe,NG-GO,Kaltungo,NG-GO-KAL
Gombe,NG-GO,Kwami,NG-GO-KWA
Gombe,NG-GO,Nafada,NG-GO-NAF
Gombe,NG-GO,Shongom,NG-GO-SHO
Gombe,NG-GO,Yamaltu/Deba,NG-GO-YAM
Imo,NG-IM,Aboh Mbaise,NG-IM-ABM
Imo,NG-IM,Ahiazu Mbaise,NG-IM-AHM
Imo,NG-IM,Ehime Mbano,NG-IM-EHM
Imo,NG-IM,Ezinihitte,NG-IM-EZI
Imo,NG-IM,Ideato North,NG-IM-IDN
Imo,NG-IM,Ideato South,NG-IM-IDS
Imo,NG-IM,Ihitte/Uboma,NG-IM-IHI
Imo,NG-IM,Ikeduru,NG-IM-IKE
Imo,NG-IM,Isiala Mbano,NG-IM-ISM
Imo,NG-IM,Isu,NG-IM-ISU
Imo,NG-IM,Mbaitoli,NG-IM-MBA
Imo,NG-IM,Ngor Okpala,NG-IM-NGO
Imo,NG-IM,Njaba,NG-IM-NJA
Imo,NG-IM,Nkwerre,NG-IM-NKW
Imo,NG-IM,Nwangele,NG-IM-NWA
Imo,NG-IM,Obowo,NG-IM-OBO
Imo,NG-IM,Oguta,NG-IM-OGU
Imo,NG-IM,Ohaji/Egbema,NG-IM-OHA
Imo,NG-IM,Okigwe,NG-IM-OKI
Imo,NG-IM,Orlu,NG-IM-ORL
Imo,NG-IM,Orsu,NG-IM-ORS
Imo,NG-IM,Oru East,NG-IM-ORE
Imo,NG-IM,Oru West,NG-IM-ORW
Imo,NG-IM,Owerri Municipal,NG-IM-OWM
Imo,NG-IM,Owerri North,NG-IM-OWN
Imo,NG-IM,Owerri West,NG-IM-OWW
Imo,NG-IM,Onuimo,NG-IM-ONU
Jigawa,NG-JI,Auyo,NG-JI-AUY
Jigawa,NG-JI,Babura,NG-JI-BAB
Jigawa,NG-JI,Birniwa,NG-JI-BIR
Jigawa,NG-JI,Birnin Kudu,NG-JI-BIK
Jigawa,NG-JI,Buji,NG-JI-BUJ
Jigawa,NG-JI,Dutse,NG-JI-DUT
Jigawa,NG-JI,Gagarawa,NG-JI-GAG
Jigawa,NG-JI,Garki,NG-JI-GAR
Jigawa,NG-JI,Gumel,NG-JI-GUM
Jigawa,NG-JI,Guri,NG-JI-GUR
Jigawa,NG-JI,Gwaram,NG-JI-GWA
Jigawa,NG-JI,Gwiwa,NG-JI-GWI
Jigawa,NG-JI,Hadejia,NG-JI-HAD
Jigawa,NG-JI,Jahun,NG-JI-JAH
Jigawa,NG-JI,Kafin Hausa,NG-JI-KAH
Jigawa,NG-JI,Kaugama,NG-JI-KAU
Jigawa,NG-JI,Kazaure,NG-JI-KAZ
Jigawa,NG-JI,Kiri Kasama,NG-JI-KIK
Jigawa,NG-JI,Kiyawa,NG-JI-KIY
Jigawa,NG-JI,Maigatari,NG-JI-MAI
Jigawa,NG-JI,Malam Madori,NG-JI-MAM
Jigawa,NG-JI,Miga,NG-JI-MIG
Jigawa,NG-JI,Ringim,NG-JI-RIN
Jigawa,NG-JI,Roni,NG-JI-RON
Jigawa,NG-JI,Sule Tankarkar,NG-JI-SUT
Jigawa,NG-JI,Taura,NG-JI-TAU
Jigawa,NG-JI,Yankwashi,NG-JI-YAN
Kaduna,NG-KD,Birnin Gwari,NG-KD-BIG
Kaduna,NG-KD,Chikun,NG-KD-CHI
Kaduna,NG-KD,Giwa,NG-KD-GIW
Kaduna,NG-KD,Igabi,NG-KD-IGA
Kaduna,NG-KD,Ikara,NG-KD-IKA
Kaduna,NG-KD,Jaba,NG-KD-JAB
Kaduna,NG-KD,Jema'a,NG-KD-JEM
Kaduna,NG-KD,Kachia,NG-KD-KAC
Kaduna,NG-KD,Kaduna North,NG-KD-KAN
Kaduna,NG-KD,Kaduna South,NG-KD-KAS
Kaduna,NG-KD,Kagarko,NG-KD-KAG
Kaduna,NG-KD,Kajuru,NG-KD-KAJ
Kaduna,NG-KD,Kaura,NG-KD-KAU
Kaduna,NG-KD,Kauru,NG-KD-KAR
Kaduna,NG-KD,Kubau,NG-KD-KUB
Kaduna,NG-KD,Kudan,NG-KD-KUD
Kaduna,NG-KD,Lere,NG-KD-LER
Kaduna,NG-KD,Makarfi,NG-KD-MAK
Kaduna,NG-KD,Sabon Gari,NG-KD-SAG
Kaduna,NG-KD,Sanga,NG-KD-SAN
Kaduna,NG-KD,Soba,NG-KD-SOB
Kaduna,NG-KD,Zangon Kataf,NG-KD-ZAK
Kaduna,NG-KD,Zaria,NG-KD-ZAR
Kano,NG-KA,Ajingi,NG-KA-AJI
Kano,NG-KA,Albasu,NG-KA-ALB
Kano,NG-KA,Bagwai,NG-KA-BAG
Kano,NG-KA,Bebeji,NG-KA-BEB
Kano,NG-KA,Bichi,NG-KA-BIC
Kano,NG-KA,Bunkure,NG-KA-BUN
Kano,NG-KA,Dala,NG-KA-DAL
Kano,NG-KA,Dambatta,NG-KA-DAM
Kano,NG-KA,Dawakin Kudu,NG-KA-DAK
Kano,NG-KA,Dawakin Tofa,NG-KA-DAT
Kano,NG-KA,Doguwa,NG-KA-DOG
Kano,NG-KA,Fagge,NG-KA-FAG
Kano,NG-KA,Gabasawa,NG-KA-GAB
Kano,NG-KA,Garko,NG-KA-GAR
Kano,NG-KA,Garun Mallam,NG-KA-GAM
Kano,NG-KA,Gaya,NG-KA-GAY
Kano,NG-KA,Gezawa,NG-KA-GEZ
Kano,NG-KA,Gwale,NG-KA-GWL
Kano,NG-KA,Gwarzo,NG-KA-GWZ
Kano,NG-KA,Kabo,NG-KA-KAB
Kano,NG-KA,Kano Municipal,NG-KA-KAM
Kano,NG-KA,Karaye,NG-KA-KAR
Kano,NG-KA,Kibiya,NG-KA-KIB
Kano,NG-KA,Kiru,NG-KA-KIR
Kano,NG-KA,Kumbotso,NG-KA-KUM
Kano,NG-KA,Kunchi,NG-KA-KUN
Kano,NG-KA,Kura,NG-KA-KUR
Kano,NG-KA,Madobi,NG-KA-MAD
Kano,NG-KA,Makoda,NG-KA-MAK
Kano,NG-KA,Minjibir,NG-KA-MIN
Kano,NG-KA,Nasarawa,NG-KA-NAS
Kano,NG-KA,Rano,NG-KA-RAN
Kano,NG-KA,Rimin Gado,NG-KA-RIG
Kano,NG-KA,Rogo,NG-KA-ROG
Kano,NG-KA,Shanono,NG-KA-SHA
Kano,NG-KA,Sumaila,NG-KA-SUM
Kano,NG-KA,Takai,NG-KA-TAK
Kano,NG-KA,Tarauni,NG-KA-TAR
Kano,NG-KA,Tofa,NG-KA-TOF
Kano,NG-KA,Tsanyawa,NG-KA-TSA
Kano,NG-KA,Tudun Wada,NG-KA-TUW
Kano,NG-KA,Ungogo,NG-KA-UNG
Kano,NG-KA,Warawa,NG-KA-WAR
Kano,NG-KA,Wudil,NG-KA-WUD
Katsina,NG-KT,Bakori,NG-KT-BAK
Katsina,NG-KT,Batagarawa,NG-KT-BTG
Katsina,NG-KT,Batsari,NG-KT-BAT
Katsina,NG-KT,Baure,NG-KT-BAU
Katsina,NG-KT,Bindawa,NG-KT-BIN
Katsina,NG-KT,Charanchi,NG-KT-CHA
Katsina,NG-KT,Dandume,NG-KT-DAN
Katsina,NG-KT,Danja,NG-KT-DNJ
Katsina,NG-KT,Dan Musa,NG-KT-DAM
Katsina,NG-KT,Daura,NG-KT-DAU
Katsina,NG-KT,Dutsi,NG-KT-DUT
Katsina,NG-KT,Dutsin Ma,NG-KT-DUM
Katsina,NG-KT,Faskari,NG-KT-FAS
Katsina,NG-KT,Funtua,NG-KT-FUN
Katsina,NG-KT,Ingawa,NG-KT-ING
Katsina,NG-KT,Jibia,NG-KT-JIB
Katsina,NG-KT,Kafur,NG-KT-KAF
Katsina,NG-KT,Kaita,NG-KT-KAI
Katsina,NG-KT,Kankara,NG-KT-KKR
Katsina,NG-KT,Kankia,NG-KT-KAN
Katsina,NG-KT,Katsina,NG-KT-KAT
Katsina,NG-KT,Kurfi,NG-KT-KUR
Katsina,NG-KT,Kusada,NG-KT-KUS
Katsina,NG-KT,Mai'Adua,NG-KT-MAI
Katsina,NG-KT,Malumfashi,NG-KT-MAL
Katsina,NG-KT,Mani,NG-KT-MAN
Katsina,NG-KT,Mashi,NG-KT-MAS
Katsina,NG-KT,Matazu,NG-KT-MAT
Katsina,NG-KT,Musawa,NG-KT-MUS
Katsina,NG-KT,Rimi,NG-KT-RIM
Katsina,NG-KT,Sabuwa,NG-KT-SAB
Katsina,NG-KT,Safana,NG-KT-SAF
Katsina,NG-KT,Sandamu,NG-KT-SAN
Katsina,NG-KT,Zango,NG-KT-ZAN
Kebbi,NG-KE,Aleiro,NG-KE-ALE
Kebbi,NG-KE,Arewa,NG-KE-ARE
Kebbi,NG-KE,Argungu,NG-KE-ARG
Kebbi,NG-KE,Augie,NG-KE-AUG
Kebbi,NG-KE,Bagudo,NG-KE-BAG
Kebbi,NG-KE,Birnin Kebbi,NG-KE-BIK
Kebbi,NG-KE,Bunza,NG-KE-BUN
Kebbi,NG-KE,Dandi,NG-KE-DAN
Kebbi,NG-KE,Fakai,NG-KE-FAK
Kebbi,NG-KE,Gwandu,NG-KE-GWA
Kebbi,NG-KE,Jega,NG-KE-JEG
Kebbi,NG-KE,Kalgo,NG-KE-KAL
Kogi,NG-KO,Adavi,NG-KO-ADA
Kogi,NG-KO,Ajaokuta,NG-KO-AJA
Kogi,NG-KO,Ankpa,NG-KO-ANK
Kogi,NG-KO,Bassa,NG-KO-BAS
Kogi,NG-KO,Dekina,NG-KO-DEK
Kogi,NG-KO,Ibaji,NG-KO-IBA
Kogi,NG-KO,Idah,NG-KO-IDA
Kogi,NG-KO,Igalamela-Odolu,NG-KO-IGA
Kogi,NG-KO,Kabba/Bunu,NG-KO-KAB
Kogi,NG-KO,Mopa-Muro,NG-KO-MOP
Kogi,NG-KO,Ijumu,NG-KO-IJU
Kogi,NG-KO,Yagba West,NG-KO-YAW
Kogi,NG-KO,Yagba East,NG-KO-YAE
Kogi,NG-KO,Okene,NG-KO-OKE
Kogi,NG-KO,Okehi,NG-KO-OKH
Kogi,NG-KO,Lokoja,NG-KO-LOK
Kogi,NG-KO,Isanlu,NG-KO-ISA
Kogi,NG-KO,Olamaboro,NG-KO-OLA
Kogi,NG-KO,Omala,NG-KO-OMA
Kogi,NG-KO,Kogi,NG-KO-KOG
Kwara,NG-KW,Ekiti,NG-KW-EKI
Kwara,NG-KW,Ifelodun,NG-KW-IFE
Kwara,NG-KW,Ilorin East,NG-KW-ILE
Kwara,NG-KW,Ilorin West,NG-KW-ILW
Kwara,NG-KW,Irepodun,NG-KW-IRE
Kwara,NG-KW,Isin,NG-KW-ISI
Kwara,NG-KW,Kaiama,NG-KW-KAI
Kwara,NG-KW,Moro,NG-KW-MOR
Kwara,NG-KW,Offa,NG-KW-OFF
Kwara,NG-KW,Oke Ero,NG-KW-OKE
Kwara,NG-KW,Oyun,NG-KW-OYU
Kwara,NG-KW,Pategi,NG-KW-PAT
Kwara,NG-KW,Baruten,NG-KW-BAR
Kwara,NG-KW,Asa,NG-KW-ASA
Kwara,NG-KW,Edu,NG-KW-EDU
Kwara,NG-KW,Ilorin South,NG-KW-ILS
Lagos,NG-LG,Agege,NG-LG-AGE
Lagos,NG-LG,Ajeromi-Ifelodun,NG-LG-AJE
Lagos,NG-LG,Alimosho,NG-LG-ALI
Lagos,NG-LG,Amuwo-Odofin,NG-LG-AMU
Lagos,NG-LG,Apapa,NG-LG-APA
Lagos,NG-LG,Badagry,NG-LG-BAD
Lagos,NG-LG,Epe,NG-LG-EPE
Lagos,NG-LG,Eti Osa,NG-LG-ETO
Lagos,NG-LG,Ibeju-Lekki,NG-LG-IBE
Lagos,NG-LG,Ifako-Ijaiye,NG-LG-IFA
Lagos,NG-LG,Ikeja,NG-LG-IKE
Lagos,NG-LG,Ikorodu,NG-LG-IKO
Lagos,NG-LG,Kosofe,NG-LG-KOS
Lagos,NG-LG,Lagos Island,NG-LG-LAI
Lagos,NG-LG,Lagos Mainland,NG-LG-LAM
Lagos,NG-LG,Mushin,NG-LG-MUS
Lagos,NG-LG,Ojo,NG-LG-OJO
Lagos,NG-LG,Oshodi-Isolo,NG-LG-OSH
Lagos,NG-LG,Shomolu,NG-LG-SHO
Lagos,NG-LG,Surulere,NG-LG-SUR
Nasarawa,NG-NA,Akwanga,NG-NA-AKW
Nasarawa,NG-NA,Awe,NG-NA-AWE
Nasarawa,NG-NA,Doma,NG-NA-DOM
Nasarawa,NG-NA,Karu,NG-NA-KAR
Nasarawa,NG-NA,Lafia,NG-NA-LAF
Nasarawa,NG-NA,keana,NG-NA-KEA
Nasarawa,NG-NA,Obi,NG-NA-OBI
Nasarawa,NG-NA,Kokona,NG-NA-KOK
Nasarawa,NG-NA,Keffi,NG-NA-KEF
Nasarawa,NG-NA,Nasarawa,NG-NA-NAS
Nasarawa,NG-NA,Nasarawa Eggon,NG-NA-NAE
Nasarawa,NG-NA,Wamba,NG-NA-WAM
Nasarawa,NG-NA,Toto,NG-NA-TOT
Niger,NG-NI,Agaie,NG-NI-AGA
Niger,NG-NI,Agwara,NG-NI-AGW
Niger,NG-NI,Bida,NG-NI-BID
Niger,NG-NI,Borgu,NG-NI-BOR
Niger,NG-NI,Bosso,NG-NI-BOS
Niger,NG-NI,Chanchaga,NG-NI-CHA
Niger,NG-NI,Edati,NG-NI-EDA
Niger,NG-NI,Gbako,NG-NI-GBA
Niger,NG-NI,Gurara,NG-NI-GUR
Niger,NG-NI,Katcha,NG-NI-KAT
Niger,NG-NI,Kontagora,NG-NI-KON
Niger,NG-NI,Lapai,NG-NI-LAP
Niger,NG-NI,Lavun,NG-NI-LAV
Niger,NG-NI,Magama,NG-NI-MAG
Niger,NG-NI,Mariga,NG-NI-MAR
Niger,NG-NI,Mashegu,NG-NI-MAS
Niger,NG-NI,Mokwa,NG-NI-MOK
Niger,NG-NI,Munya,NG-NI-MUN
Niger,NG-NI,Paikoro,NG-NI-PAI
Niger,NG-NI,Rafi,NG-NI-RAF
Niger,NG-NI,Rijau,NG-NI-RIJ
Niger,NG-NI,Shiroro,NG-NI-SHI
Niger,NG-NI,Suleja,NG-NI-SUL
Niger,NG-NI,Tafa,NG-NI-TAF
Niger,NG-NI,Wushishi,NG-NI-WUS
Ogun,NG-OG,Abeokuta North,NG-OG-ABN
Ogun,NG-OG,Abeokuta South,NG-OG-ABS
Ogun,NG-OG,Ado-Odo/Ota,NG-OG-ADO
Ogun,NG-OG,Ewekoro,NG-OG-EWE
Ogun,NG-OG,Ifo,NG-OG-IFO
Ogun,NG-OG,Ijebu North,NG-OG-IJN
Ogun,NG-OG,Ijebu North East,NG-OG-INE
Ogun,NG-OG,Ijebu East,NG-OG-IJE
Ogun,NG-OG,Ilishan-Remo,NG-OG-ILI
Ogun,NG-OG,Ikenne,NG-OG-IKE
Ogun,NG-OG,Imeko Afon,NG-OG-IMA
Ogun,NG-OG,Ipokia,NG-OG-IPO
Ogun,NG-OG,Obafemi Owode,NG-OG-OBO
Ogun,NG-OG,Odeda,NG-OG-ODE
Ogun,NG-OG,Odogbolu,NG-OG-ODO
Ogun,NG-OG,Ogun Waterside,NG-OG-OGW
Ogun,NG-OG,Remo North,NG-OG-REN
Ogun,NG-OG,Shagamu,NG-OG-SHA
Ogun,NG-OG,Yewa North,NG-OG-YEN
Ogun,NG-OG,Yewa South,NG-OG-YES
Ogun,NG-OG,Isara,NG-OG-ISA
Ondo,NG-ON,Akoko North-East,NG-ON-ANE
Ondo,NG-ON,Akoko North-West,NG-ON-ANW
Ondo,NG-ON,Akoko South-East,NG-ON-ASE
Ondo,NG-ON,Akoko South-West,NG-ON-ASW
Ondo,NG-ON,Akure North,NG-ON-AKN
Ondo,NG-ON,Akure South,NG-ON-AKS
Ondo,NG-ON,Ese Odo,NG-ON-ESO
Ondo,NG-ON,Ifedore,NG-ON-IFE
Ondo,NG-ON,Idanre,NG-ON-IDA
Ondo,NG-ON,Ilaje,NG-ON-ILA
Ondo,NG-ON,Ile-Oluji/Okeigbo,NG-ON-ILE
Ondo,NG-ON,Irele,NG-ON-IRE
Ondo,NG-ON,Odigbo,NG-ON-ODI
Ondo,NG-ON,Okitipupa,NG-ON-OKI
Ondo,NG-ON,Ondo East,NG-ON-ONE
Ondo,NG-ON,Ose,NG-ON-OSE
Ondo,NG-ON,Owo,NG-ON-OWO
Osun,NG-OS,Aiyedaade,NG-OS-AYD
Osun,NG-OS,Aiyedire,NG-OS-ADI
Osun,NG-OS,Atakunmosa East,NG-OS-ATE
Osun,NG-OS,Atakunmosa West,NG-OS-ATW
Osun,NG-OS,Boluwaduro,NG-OS-BOL
Osun,NG-OS,Boripe,NG-OS-BOR
Osun,NG-OS,Ede North,NG-OS-EDN
Osun,NG-OS,Ede South,NG-OS-EDS
Osun,NG-OS,Egbedore,NG-OS-EGB
Osun,NG-OS,Ejigbo,NG-OS-EJI
Osun,NG-OS,Ife Central,NG-OS-IFC
Osun,NG-OS,Ife East,NG-OS-IFE
Osun,NG-OS,Ife North,NG-OS-IFN
Osun,NG-OS,Ife South,NG-OS-IFS
Osun,NG-OS,Ifedayo,NG-OS-IFD
Osun,NG-OS,Ifelodun,NG-OS-IFL
Osun,NG-OS,Isokan,NG-OS-ISO
Osun,NG-OS,Obokun,NG-OS-OBO
Osun,NG-OS,Irewole,NG-OS-IRE
Osun,NG-OS,Ola-Oluwa,NG-OS-OLA
Osun,NG-OS,Olorunda,NG-OS-OLO
Osun,NG-OS,Ilesa West,NG-OS-ILW
Osun,NG-OS,Ilesa East,NG-OS-ILE
Osun,NG-OS,Odo-Otin,NG-OS-ODO
Osun,NG-OS,Ila,NG-OS-ILA
Osun,NG-OS,Ori-Ade,NG-OS-ORI
Osun,NG-OS,Orolu,NG-OS-ORO
Osun,NG-OS,Irepodun,NG-OS-IRP
Osun,NG-OS,Iwo,NG-OS-IWO
Osun,NG-OS,Osogbo,NG-OS-OSO
Oyo,NG-OY,Afijio,NG-OY-AFI
Oyo,NG-OY,Ibadan North,NG-OY-IBD
Oyo,NG-OY,Ibadan North-East,NG-OY-INE
Oyo,NG-OY,Ibadan North-West,NG-OY-INW
Oyo,NG-OY,Ibadan South-East,NG-OY-ISE
Oyo,NG-OY,Ibadan South-West,NG-OY-ISW
Oyo,NG-OY,Ibarapa Central,NG-OY-IBC
Oyo,NG-OY,Ibarapa East,NG-OY-IBE
Oyo,NG-OY,Ibarapa North,NG-OY-IBN
Oyo,NG-OY,Ido,NG-OY-IDO
Oyo,NG-OY,Irepo,NG-OY-IRE
Oyo,NG-OY,Iwajowa,NG-OY-IWA
Oyo,NG-OY,Ogbomosho North,NG-OY-OGN
Oyo,NG-OY,Ogbomosho South,NG-OY-OGS
Oyo,NG-OY,Ogo Oluwa,NG-OY-OGO
Oyo,NG-OY,Olorunsogo,NG-OY-OLO
Oyo,NG-OY,Oluyole,NG-OY-OLU
Oyo,NG-OY,Ona Ara,NG-OY-ONA
Oyo,NG-OY,Orelope,NG-OY-ORE
Oyo,NG-OY,Orire,NG-OY-ORI
Oyo,NG-OY,Atisbo,NG-OY-ATI
Oyo,NG-OY,Saki West,NG-OY-SAW
Oyo,NG-OY,Saki East,NG-OY-SAE
Oyo,NG-OY,Egbeda,NG-OY-EGB
Oyo,NG-OY,Lagelu,NG-OY-LAG
Oyo,NG-OY,Atiba,NG-OY-ATB
Oyo,NG-OY,Oyo East,NG-OY-OYE
Oyo,NG-OY,Oyo West,NG-OY-OYW
Plateau,NG-PL,Barkin Ladi,NG-PL-BAL
Plateau,NG-PL,Bassa,NG-PL-BAS
Plateau,NG-PL,Bokkos,NG-PL-BOK
Plateau,NG-PL,Jos East,NG-PL-JOE
Plateau,NG-PL,Jos North,NG-PL-JON
Plateau,NG-PL,Jos South,NG-PL-JOS
Plateau,NG-PL,Kanam,NG-PL-KAN
Plateau,NG-PL,Kanke,NG-PL-KNK
Plateau,NG-PL,Langtang North,NG-PL-LAN
Plateau,NG-PL,Langtang South,NG-PL-LAS
Plateau,NG-PL,Mangu,NG-PL-MAN
Plateau,NG-PL,Mikang,NG-PL-MIK
Plateau,NG-PL,Pankshin,NG-PL-PAN
Plateau,NG-PL,Qua'an-Pan,NG-PL-QUA
Plateau,NG-PL,Riyom,NG-PL-RIY
Plateau,NG-PL,Shendam,NG-PL-SHE
Plateau,NG-PL,Wase,NG-PL-WAS
Rivers,NG-RI,Abua-Odual,NG-RI-ABU
Rivers,NG-RI,Ahoada East,NG-RI-AHE
Rivers,NG-RI,Ahoada West,NG-RI-AHW
Rivers,NG-RI,Akuku Toru,NG-RI-AKT
Rivers,NG-RI,Andoni,NG-RI-AND
Rivers,NG-RI,Asari Toru,NG-RI-AST
Rivers,NG-RI,Bonny,NG-RI-BON
Rivers,NG-RI,Degema,NG-RI-DEG
Rivers,NG-RI,Eleme,NG-RI-ELE
Rivers,NG-RI,Emohua,NG-RI-EMO
Rivers,NG-RI,Etche,NG-RI-ETC
Rivers,NG-RI,Gokana,NG-RI-GOK
Rivers,NG-RI,Ikwerre,NG-RI-IKW
Rivers,NG-RI,Khana,NG-RI-KHA
Rivers,NG-RI,Obio-Akpor,NG-RI-OBI
Rivers,NG-RI,Ogba-Egbema-Ndoni,NG-RI-OGB
Rivers,NG-RI,Ogu-Bolo,NG-RI-OGU
Rivers,NG-RI,Okirika,NG-RI-OKI
Rivers,NG-RI,Omuma,NG-RI-OMU
Rivers,NG-RI,Opobo-Nkoro,NG-RI-OPO
Rivers,NG-RI,Oyigbo,NG-RI-OYI
Rivers,NG-RI,Port Harcourt,NG-RI-POH
Rivers,NG-RI,Tai,NG-RI-TAI
Sokoto,NG-SO,Binji,NG-SO-BIN
Sokoto,NG-SO,Bodinga,NG-SO-BOD
Sokoto,NG-SO,Dange Shuni,NG-SO-DAS
Sokoto,NG-SO,Gada,NG-SO-GAD
Sokoto,NG-SO,Sokoto South,NG-SO-SOS
Sokoto,NG-SO,Sokoto North,NG-SO-SON
Sokoto,NG-SO,Gwadabawa,NG-SO-GWA
Sokoto,NG-SO,Wamakko,NG-SO-WAM
Sokoto,NG-SO,Tangaza,NG-SO-TAN
Sokoto,NG-SO,Sabon Birni,NG-SO-SAB
Sokoto,NG-SO,Isah,NG-SO-ISA
Sokoto,NG-SO,Rabah,NG-SO-RAB
Sokoto,NG-SO,Silame,NG-SO-SIL
Sokoto,NG-SO,Wurno,NG-SO-WUR
Sokoto,NG-SO,Goronyo,NG-SO-GOR
Sokoto,NG-SO,Illela,NG-SO-ILL
Sokoto,NG-SO,Gudu,NG-SO-GUD
Sokoto,NG-SO,Tureta,NG-SO-TUR
Sokoto,NG-SO,Tambuwal,NG-SO-TAM
Sokoto,NG-SO,Kware,NG-SO-KWA
Taraba,NG-TA,Ardo Kola,NG-TA-ARK
Taraba,NG-TA,Bali,NG-TA-BAL
Taraba,NG-TA,Donga,NG-TA-DON
Taraba,NG-TA,Gashaka,NG-TA-GAS
Taraba,NG-TA,Gassol,NG-TA-GSS
Taraba,NG-TA,Ibi,NG-TA-IBI
Taraba,NG-TA,Jalingo,NG-TA-JAL
Taraba,NG-TA,Karim Lamido,NG-TA-KAL
Taraba,NG-TA,Kurmi,NG-TA-KUR
Taraba,NG-TA,Lau,NG-TA-LAU
Taraba,NG-TA,Sardauna,NG-TA-SAR
Taraba,NG-TA,Takum,NG-TA-TAK
Taraba,NG-TA,Ussa,NG-TA-USS
Taraba,NG-TA,Wukari,NG-TA-WUK
Taraba,NG-TA,Yorro,NG-TA-YOR
Taraba,NG-TA,Zing,NG-TA-ZIN
Yobe,NG-YO,Bade,NG-YO-BAD
Yobe,NG-YO,Bursari,NG-YO-BUR
Yobe,NG-YO,Damaturu,NG-YO-DAM
Yobe,NG-YO,Fika,NG-YO-FIK
Yobe,NG-YO,Fune,NG-YO-FUN
Yobe,NG-YO,Geidam,NG-YO-GEI
Yobe,NG-YO,Gujba,NG-YO-GUJ
Yobe,NG-YO,Gulani,NG-YO-GUL
Yobe,NG-YO,Jakusko,NG-YO-JAK
Yobe,NG-YO,Karasuwa,NG-YO-KAR
Yobe,NG-YO,Machina,NG-YO-MAC
Yobe,NG-YO,Nangere,NG-YO-NAN
Yobe,NG-YO,Nguru,NG-YO-NGU
Yobe,NG-YO,Potiskum,NG-YO-POT
Yobe,NG-YO,Tarmuwa,NG-YO-TAR
Yobe,NG-YO,Yunusari,NG-YO-YUN
Yobe,NG-YO,Yusufari,NG-YO-YUS
Zamfara,NG-ZA,Anka,NG-ZA-ANK
Zamfara,NG-ZA,Bakuka,NG-ZA-BAK
Zamfara,NG-ZA,Birnin Magaji/Kiyaw,NG-ZA-BIM
Zamfara,NG-ZA,Bukkuyum,NG-ZA-BUK
Zamfara,NG-ZA,Bungudu,NG-ZA-BUN
Zamfara,NG-ZA,Tsafe,NG-ZA-TSA
Zamfara,NG-ZA,Gummi,NG-ZA-GUM
Zamfara,NG-ZA,Gusau,NG-ZA-GUS
Zamfara,NG-ZA,Kaura-Namoda,NG-ZA-KAU
Zamfara,NG-ZA,Maradun,NG-ZA-MAR
Zamfara,NG-ZA,Maru,NG-ZA-MRU
Zamfara,NG-ZA,Shinkafi,NG-ZA-SHI
Zamfara,NG-ZA,Talata-Mafara,NG-ZA-TAL
Zamfara,NG-ZA,Zurmi,NG-ZA-ZUR
FCT,NG-FC,Abaji,NG-FC-ABA
FCT,NG-FC,Abuja Municipal Area Council,NG-FC-ABM
FCT,NG-FC,Kwali,NG-FC-KWA
FCT,NG-FC,Kuje,NG-FC-KUJ
FCT,NG-FC,Bwari,NG-FC-BWA
FCT,NG-FC,Gwagwalada,NG-FC-GWA
